{
  "streams": [
    {
      "name": "yammat",
      "stream_url": "https://stream.yammat.fm/radio/8000/yammat.mp3",
      "stream_song_url": "https://stream.yammat.fm/radio/8000/",
      "php_script": "getSongYammat.php"
    },
    {
      "name": "radioCrash",
      "stream_url": "https://live.radiocrash.net/;stream.nsv",
      "stream_song_url": "https://stream.radiocrash.fm/radio/8000/",
      "php_script": "getSongRadioCrash.php"
    },
    {
      "name": "hrt1p",
      "stream_url": "https://25693.live.streamtheworld.com/PROGRAM1AAC.aac",
      "stream_song_url": "https://25693.live.streamtheworld.com/PROGRAM1AAC.aac",
      "php_script": "getSongRadioCrash.php"
    }
  ]
}
