[
    {
      "name": "Yammat_FM",
      "stream_url": "https://stream.yammat.fm/radio/8000/yammat.mp3",
      "stream_song_url": "https://stream.yammat.fm/radio/8000/yammat.mp3",
      "php_script": "getStreamSong.php",
      "prikazi": "D"
    },
    {
      "name": "Radio_Crash",
      "stream_url": "https://live.radiocrash.net/;",
      "stream_song_url": "https://live.radiocrash.net/;",
      "php_script": "getStreamSong.php",
      "prikazi": "D"
    },
    {
      "name": "Radio_Sljeme",
      "stream_url": "https://23613.live.streamtheworld.com/SLJEME.mp3",
      "stream_song_url": "https://23613.live.streamtheworld.com/SLJEME.mp3",
      "php_script": "getStreamSong.php",
      "prikazi": "D"
    },
    {
     "name": "HR_1_program",
      "stream_url": "https://25693.live.streamtheworld.com/PROGRAM1AAC.aac",
      "stream_song_url": "https://25693.live.streamtheworld.com/PROGRAM1AAC.aac",
      "php_script": "getStreamSong.php",
      "prikazi": "N"
    },
    {
      "name": "HR_2_program",
      "stream_url": "https://28573.live.streamtheworld.com/PROGRAM2AAC.aac",
      "stream_song_url": "https://28573.live.streamtheworld.com/PROGRAM2AAC.aac",
      "php_script": "getStreamSong.php",
      "prikazi": "D"
    },
    {
      "name": "HR_Pop",
      "stream_url": "https://27863.live.streamtheworld.com/HR_POPAAC.aac",
      "stream_song_url": "https://27863.live.streamtheworld.com/HR_POPAAC.aac",
      "php_script": "getStreamSong.php",
      "prikazi": "D"
    },
    {
      "name": "HR_Klasika",
      "stream_url": "https://22653.live.streamtheworld.com/HR_CLASSICSAAC.aac",
      "stream_song_url": "https://22653.live.streamtheworld.com/HR_CLASSICSAAC.aac",
      "php_script": "getStreamSong.php",
      "prikazi": "D"
    },
    {
      "name": "Radio_101_Live",
      "stream_url": "https://live.radio101.hr:9531/;",
      "stream_song_url": "https://live.radio101.hr:9531/;",
      "php_script": "getStreamSong.php",
      "prikazi": "D"
    },
    {
      "name": "Radio_101_Rock",
      "stream_url": "https://live.radio101.hr:8020/;",
      "stream_song_url": "https://live.radio101.hr:8020/;",
      "php_script": "getStreamSong.php",
      "prikazi": "D"
    },
    {
      "name": "Radio_101_Soft_Sound",
      "stream_url": "https://live.radio101.hr:8010/;",
      "stream_song_url": "https://live.radio101.hr:8010/;",
      "php_script": "getStreamSong.php",
      "prikazi": "D"
    },
    {
      "name": "Radio_Osijek",
      "stream_url": "https://21633.live.streamtheworld.com/OSIJEKAAC.aac",
      "stream_song_url": "https://21633.live.streamtheworld.com/OSIJEKAAC.aac",
      "php_script": "getStreamSong.php",
      "prikazi": "D"
    },
    {
      "name": "Radio_Pula",
      "stream_url": "https://25643.live.streamtheworld.com/PULAAAC.aac",
      "stream_song_url": "https://25643.live.streamtheworld.com/PULAAAC.aac",
      "php_script": "getStreamSong.php",
      "prikazi": "D"
    },
    {
      "name": "HR_3_program",
      "stream_url": "https://25503.live.streamtheworld.com/PROGRAM3AAC.aac",
      "stream_song_url": "https://25503.live.streamtheworld.com/PROGRAM3AAC.aac",
      "php_script": "getStreamSong.php",
      "prikazi": "D"
    },
    {
      "name": "Radio_Student",
      "stream_url": "http://161.53.122.184:8000/AAC128.aac",
      "stream_song_url": "http://161.53.122.184:8000/AAC128.aac",
      "php_script": "getStreamSong.php",
      "prikazi": "D"
    },
    {
      "name": "Radio_Tvornica",
      "stream_url": "https://c8.hostingcentar.com/streams/radiotvornica/",
      "stream_song_url": "https://c8.hostingcentar.com/streams/radiotvornica/",
      "php_script": "getStreamSong.php",
      "prikazi": "D"
    },
    {
      "name": "Radio_808",
      "stream_url": "https://tls-sc2.multimedijalist.hr/;",
      "stream_song_url": "https://tls-sc2.multimedijalist.hr/;",
      "php_script": "getStreamSong.php",
      "prikazi": "D"
    },
    {
      "name": "Radio_deejay_hr",
      "stream_url": "https://c2.hostingcentar.com/streams/radiodj/",
      "stream_song_url": "https://c2.hostingcentar.com/streams/radiodj/;",
      "php_script": "getStreamSong.php",
      "prikazi": "D"
    },
    {
      "name": "Italo_Disco_Net",
      "stream_url": "https://cast2.asurahosting.com/proxy/alen/stream.mp3",
      "stream_song_url": "https://cast2.asurahosting.com/proxy/alen/stream.mp3",
      "php_script": "getStreamSong.php",
      "prikazi": "D"
    }
  ]
